<?xml version="1.0"?>
<suiteResults>
  <FitNesseVersion>v20100303</FitNesseVersion>
  <rootPath>StoryTests</rootPath>
    <pageHistoryReference>
    <name>SmartpayApplication.StoryTests.SuiteSetUp</name>
    <date>03/20/2014 11:47:54</date>
    <pageHistoryLink>SmartpayApplication.StoryTests.SuiteSetUp?pageHistory&amp;resultDate=20140320114754</pageHistoryLink>
    <counts>
      <right>0</right>
      <wrong>0</wrong>
      <ignores>0</ignores>
      <exceptions>0</exceptions>
    </counts>
  </pageHistoryReference>
    <pageHistoryReference>
    <name>SmartpayApplication.StoryTests.CardTypes</name>
    <date>03/20/2014 11:47:54</date>
    <pageHistoryLink>SmartpayApplication.StoryTests.CardTypes?pageHistory&amp;resultDate=20140320114754</pageHistoryLink>
    <counts>
      <right>26</right>
      <wrong>10</wrong>
      <ignores>0</ignores>
      <exceptions>0</exceptions>
    </counts>
  </pageHistoryReference>
    <pageHistoryReference>
    <name>SmartpayApplication.StoryTests.TestApplicationInfo</name>
    <date>03/20/2014 11:47:54</date>
    <pageHistoryLink>SmartpayApplication.StoryTests.TestApplicationInfo?pageHistory&amp;resultDate=20140320114754</pageHistoryLink>
    <counts>
      <right>1</right>
      <wrong>0</wrong>
      <ignores>0</ignores>
      <exceptions>0</exceptions>
    </counts>
  </pageHistoryReference>
    <pageHistoryReference>
    <name>SmartpayApplication.StoryTests.TestSystemClock</name>
    <date>03/20/2014 11:47:54</date>
    <pageHistoryLink>SmartpayApplication.StoryTests.TestSystemClock?pageHistory&amp;resultDate=20140320114754</pageHistoryLink>
    <counts>
      <right>3</right>
      <wrong>0</wrong>
      <ignores>0</ignores>
      <exceptions>0</exceptions>
    </counts>
  </pageHistoryReference>
    <finalCounts>
    <right>2</right>
    <wrong>1</wrong>
    <ignores>1</ignores>
    <exceptions>0</exceptions>
  </finalCounts>

</suiteResults>

