<?xml version="1.0"?>
<testResults>
  <FitNesseVersion>v20100303</FitNesseVersion>
  <rootPath>CardTypes</rootPath>
    <result>
    <counts>
      <right>6</right>
      <wrong>12</wrong>
      <ignores>0</ignores>
      <exceptions>0</exceptions>
    </counts>
    <content><![CDATA[<table border="1" cellspacing="0">
<tr><td>SmartPay.FitFixtures.CardTypesFixture</td>
</tr>
<tr><td>StartSmartpay</td>
</tr>
</table>
<br/><h2>Cards and Surcharges</h2>The list of card types and their valid PAN lengths are:<br/><br/><table border="1" cellspacing="0">
<tr><td colspan="3">Supported Card Types</td>
</tr>
<tr><td>Name</td>
<td>Valid Pan Lengths</td>
<td>Valid Cvv Length</td>
</tr>
<tr class="fail"><td>Visa <span class="fit_label">missing</span></td>
<td>13, 16</td>
<td>3</td>
</tr>
<tr class="fail"><td>Visa Debit <span class="fit_label">missing</span></td>
<td>16</td>
<td>3</td>
</tr>
<tr><td class="pass">Visa Electron</td>
<td class="pass">16</td>
<td class="pass">3</td>
</tr>
<tr class="fail"><td>MasterCard<a title="create page" href="SmartpayApplication.StoryTests.MasterCard?edit&nonExistent=true">[?]</a> <span class="fit_label">missing</span></td>
<td>16</td>
<td>3</td>
</tr>
<tr class="fail"><td>Maestro <span class="fit_label">missing</span></td>
<td>12, 19</td>
<td>3</td>
</tr>
<tr class="fail"><td>American Express <span class="fit_label">missing</span></td>
<td>15</td>
<td>4</td>
</tr>
<tr><td class="pass">JCB</td>
<td class="pass">16</td>
<td class="pass">3</td>
</tr>
<tr class="fail"><td>Diners Club <span class="fit_label">missing</span></td>
<td>14</td>
<td>3</td>
</tr>
<tr class="fail">
<td><span class="fit_grey">Visa</span> <span class="fit_label">surplus</span></td>
<td><span class="fit_grey">16</span></td>
<td><span class="fit_grey">3</span></td></tr>
<tr class="fail">
<td><span class="fit_grey">Visa Delta</span> <span class="fit_label">surplus</span></td>
<td><span class="fit_grey">16</span></td>
<td><span class="fit_grey">3</span></td></tr>
<tr class="fail">
<td><span class="fit_grey">Mastercard</span> <span class="fit_label">surplus</span></td>
<td><span class="fit_grey">16</span></td>
<td><span class="fit_grey">3</span></td></tr>
<tr class="fail">
<td><span class="fit_grey">Maestro</span> <span class="fit_label">surplus</span></td>
<td><span class="fit_grey">16</span></td>
<td><span class="fit_grey">3</span></td></tr>
<tr class="fail">
<td><span class="fit_grey">American Express</span> <span class="fit_label">surplus</span></td>
<td><span class="fit_grey">16</span></td>
<td><span class="fit_grey">3</span></td></tr>
<tr class="fail">
<td><span class="fit_grey">Diners Club</span> <span class="fit_label">surplus</span></td>
<td><span class="fit_grey">16</span></td>
<td><span class="fit_grey">3</span></td></tr></table>
<br/>By default, all card types have a zero surcharge for all clients.<br/>We can set the surcharges for certain cards for test purposes, and then query the<br/><br/>list of cards and surcharges.<br/>For Example:<br/>When we assign the following surcharges:<br/><br/><table border="1" cellspacing="0">
<tr><td colspan="2">Comment</td>
</tr>
<tr><td colspan="2">Setup Card Type Surcharges</td>
</tr>
<tr><td>Name</td>
<td>Surcharge</td>
</tr>
<tr><td>Visa</td>
<td>0.50</td>
</tr>
<tr><td>Mastercard</td>
<td>1.00</td>
</tr>
<tr><td>Diners Club</td>
<td>0.90</td>
</tr>
</table>
<br/>Then Expect the Cards list to be as follows:<br/><br/><table border="1" cellspacing="0">
<tr><td colspan="2">Comment</td>
</tr>
<tr><td colspan="2">Card Types</td>
</tr>
<tr><td>Name</td>
<td>Surcharge</td>
</tr>
<tr><td>Visa</td>
<td>0.50</td>
</tr>
<tr><td>Visa Debit</td>
<td>0.00</td>
</tr>
<tr><td>Visa Electron</td>
<td>0.00</td>
</tr>
<tr><td>MasterCard</td>
<td>1.00</td>
</tr>
<tr><td>Maestro</td>
<td>0.00</td>
</tr>
<tr><td>Visa Electron</td>
<td>0.00</td>
</tr>
<tr><td>American Express</td>
<td>0.00</td>
</tr>
<tr><td>JCB</td>
<td>0.00</td>
</tr>
<tr><td>Diners Club</td>
<td>0.90</td>
</tr>
</table>
]]></content>
    <relativePageName>CardTypes</relativePageName>
    
    
    
  </result>
  
  
  <finalCounts>
    <right>0</right>
    <wrong>0</wrong>
    <ignores>0</ignores>
    <exceptions>0</exceptions>
  </finalCounts>
  
</testResults>

