<?xml version="1.0"?>
<testResults>
  <FitNesseVersion>v20100303</FitNesseVersion>
  <rootPath>CardTypes</rootPath>
    <result>
    <counts>
      <right>1</right>
      <wrong>0</wrong>
      <ignores>60</ignores>
      <exceptions>0</exceptions>
    </counts>
    <content><![CDATA[<table border="1" cellspacing="0">
<tr><td>Import</td>
</tr>
<tr><td>Smartpay.FitFixtures</td>
</tr>
</table>
<br/><table border="1" cellspacing="0">
<tr><td>Check Application</td>
</tr>
<tr><td>name?</td>
</tr>
<tr><td class="pass">Smartpay</td>
</tr>
</table>
<br/><br/>Credit Card Types<br/><br/><table border="1" cellspacing="0">
<tr><td>comment</td>
</tr>
<tr><td class="ignore">CreditCardsFixture</td>
</tr>
<tr><td class="ignore">Start Paypoint</td>
</tr>
</table>
<br/><h2>Cards and Surcharges</h2>The list of card types and their valid PAN lengths are:<br/><br/><table border="1" cellspacing="0">
<tr><td colspan="3">comment</td>
</tr>
<tr><td class="ignore" colspan="3">Card Types</td>
</tr>
<tr><td class="ignore">Name</td>
<td class="ignore">Valid Pan Lengths</td>
<td class="ignore">Valid Cvv Length</td>
</tr>
<tr><td class="ignore">Visa</td>
<td class="ignore">13, 16</td>
<td class="ignore">3</td>
</tr>
<tr><td class="ignore">Visa Debit</td>
<td class="ignore">16</td>
<td class="ignore">3</td>
</tr>
<tr><td class="ignore">Visa Electron</td>
<td class="ignore">16</td>
<td class="ignore">3</td>
</tr>
<tr><td class="ignore">MasterCard<a title="create page" href="SmartpayApplication.StoryTests.MasterCard?edit&nonExistent=true">[?]</a></td>
<td class="ignore">16</td>
<td class="ignore">3</td>
</tr>
<tr><td class="ignore">Maestro</td>
<td class="ignore">12, 19</td>
<td class="ignore">3</td>
</tr>
<tr><td class="ignore">American Express</td>
<td class="ignore">15</td>
<td class="ignore">4</td>
</tr>
<tr><td class="ignore">JCB</td>
<td class="ignore">16</td>
<td class="ignore">3</td>
</tr>
<tr><td class="ignore">Diners Club</td>
<td class="ignore">14</td>
<td class="ignore">3</td>
</tr>
</table>
<br/>By default, all card types have a zero surcharge for all clients.<br/>We can set the surcharges for certain cards for test purposes, and then query the<br/><br/>list of cards and surcharges.<br/>For Example:<br/>When we assign the following surcharges:<br/><br/><table border="1" cellspacing="0">
<tr><td colspan="2">Comment</td>
</tr>
<tr><td class="ignore" colspan="2">Setup Card Type Surcharges</td>
</tr>
<tr><td class="ignore">Name</td>
<td class="ignore">Surcharge</td>
</tr>
<tr><td class="ignore">Visa</td>
<td class="ignore">0.50</td>
</tr>
<tr><td class="ignore">Mastercard</td>
<td class="ignore">1.00</td>
</tr>
<tr><td class="ignore">Diners Club</td>
<td class="ignore">0.90</td>
</tr>
</table>
<br/>Then Expect the Cards list to be as follows:<br/><br/><table border="1" cellspacing="0">
<tr><td colspan="2">Comment</td>
</tr>
<tr><td class="ignore" colspan="2">Card Types</td>
</tr>
<tr><td class="ignore">Name</td>
<td class="ignore">Surcharge</td>
</tr>
<tr><td class="ignore">Visa</td>
<td class="ignore">0.50</td>
</tr>
<tr><td class="ignore">Visa Debit</td>
<td class="ignore">0.00</td>
</tr>
<tr><td class="ignore">Visa Electron</td>
<td class="ignore">0.00</td>
</tr>
<tr><td class="ignore">MasterCard</td>
<td class="ignore">1.00</td>
</tr>
<tr><td class="ignore">Maestro</td>
<td class="ignore">0.00</td>
</tr>
<tr><td class="ignore">Visa Electron</td>
<td class="ignore">0.00</td>
</tr>
<tr><td class="ignore">American Express</td>
<td class="ignore">0.00</td>
</tr>
<tr><td class="ignore">JCB</td>
<td class="ignore">0.00</td>
</tr>
<tr><td class="ignore">Diners Club</td>
<td class="ignore">0.90</td>
</tr>
</table>
]]></content>
    <relativePageName>CardTypes</relativePageName>
    
    
    
  </result>
  
  
  <finalCounts>
    <right>0</right>
    <wrong>0</wrong>
    <ignores>0</ignores>
    <exceptions>0</exceptions>
  </finalCounts>
  
</testResults>

