<?xml version="1.0"?>
<testResults>
  <FitNesseVersion>v20100303</FitNesseVersion>
  <rootPath>CardTypes</rootPath>
    <result>
    <counts>
      <right>22</right>
      <wrong>15</wrong>
      <ignores>0</ignores>
      <exceptions>5</exceptions>
    </counts>
    <content><![CDATA[<table border="1" cellspacing="0">
<tr><td>Card Types</td>
</tr>
<tr><td>Start Smartpay</td>
</tr>
</table>
<br/><h2>Cards and Surcharges</h2>The list of card types and their valid PAN lengths are:<br/><br/><table border="1" cellspacing="0">
<tr><td colspan="3">Supported Card Types</td>
</tr>
<tr><td>Name</td>
<td>Valid Pan Lengths</td>
<td>Valid Cvv Length</td>
</tr>
<tr class="fail"><td>Visa <span class="fit_label">missing</span></td>
<td>13, 16</td>
<td>3</td>
</tr>
<tr><td class="pass">Visa Debit</td>
<td class="pass">16</td>
<td class="pass">3</td>
</tr>
<tr><td class="pass">Visa Electron</td>
<td class="pass">16</td>
<td class="pass">3</td>
</tr>
<tr><td class="pass">MasterCard</td>
<td class="pass">16</td>
<td class="pass">3</td>
</tr>
<tr class="fail"><td>Maestro <span class="fit_label">missing</span></td>
<td>12, 19</td>
<td>3</td>
</tr>
<tr class="fail"><td>American Express <span class="fit_label">missing</span></td>
<td>15</td>
<td>4</td>
</tr>
<tr><td class="pass">JCB</td>
<td class="pass">16</td>
<td class="pass">3</td>
</tr>
<tr class="fail"><td>Diners Club <span class="fit_label">missing</span></td>
<td>14</td>
<td>3</td>
</tr>
<tr class="fail">
<td><span class="fit_grey">Visa</span> <span class="fit_label">surplus</span></td>
<td><span class="fit_grey">16</span></td>
<td><span class="fit_grey">3</span></td></tr>
<tr class="fail">
<td><span class="fit_grey">Maestro</span> <span class="fit_label">surplus</span></td>
<td><span class="fit_grey">16</span></td>
<td><span class="fit_grey">3</span></td></tr>
<tr class="fail">
<td><span class="fit_grey">American Express</span> <span class="fit_label">surplus</span></td>
<td><span class="fit_grey">16</span></td>
<td><span class="fit_grey">3</span></td></tr>
<tr class="fail">
<td><span class="fit_grey">Diners Club</span> <span class="fit_label">surplus</span></td>
<td><span class="fit_grey">16</span></td>
<td><span class="fit_grey">3</span></td></tr></table>
<br/>By default, all card types have a zero surcharge for all clients.<br/>We can set the surcharges for certain cards for test purposes, and then query the<br/><br/>list of cards and surcharges.<br/>For Example:<br/>When we assign the following surcharges:<br/><br/><table border="1" cellspacing="0">
<tr><td class="error" colspan="2">Setup Card Type Surcharges<hr /><pre><div class="fit_stacktrace">fitlibrary.exception.InvalidMethodException: Missing method 'setupcardtypesurcharges' with 0 argument(s).
   at fitlibrary.Method.FindFirst(Object theTarget, IdentifierName theIdentifierName, Int32 theParameterCount)
   at fitlibrary.FlowFixtureBase.FindRowMethod(Parse theRow)
   at fitlibrary.FlowFixtureBase.ProcessFlowRow(Parse theCurrentRow)</div></pre></td>
</tr>
<tr><td class="error">Name<hr /><pre><div class="fit_stacktrace">System.Reflection.TargetInvocationException: Exception has been thrown by the target of an invocation. ---> fitlibrary.exception.TableStructureException: This table is invalid for DoFixture: missing cells for name.
   at fitlibrary.FlowFixtureBase.Name(Parse theCells)
   --- End of inner exception stack trace ---
   at System.RuntimeMethodHandle._InvokeMethodFast(Object target, Object[] arguments, SignatureStruct& sig, MethodAttributes methodAttributes, RuntimeTypeHandle typeOwner)
   at System.Reflection.RuntimeMethodInfo.Invoke(Object obj, BindingFlags invokeAttr, Binder binder, Object[] parameters, CultureInfo culture, Boolean skipVisibilityChecks)
   at System.Reflection.RuntimeMethodInfo.Invoke(Object obj, BindingFlags invokeAttr, Binder binder, Object[] parameters, CultureInfo culture)
   at System.RuntimeType.InvokeMember(String name, BindingFlags bindingFlags, Binder binder, Object target, Object[] providedArgs, ParameterModifier[] modifiers, CultureInfo culture, String[] namedParams)
   at fitlibrary.Method.Invoke(Object[] theParameters)
   at fitlibrary.FlowFixtureBase.ProcessFlowRow(Parse theCurrentRow)</div></pre></td>
<td>Surcharge</td>
</tr>
<tr><td class="error">Visa<hr /><pre><div class="fit_stacktrace">fitlibrary.exception.InvalidMethodException: Missing method 'visa' with 1 argument(s).
   at fitlibrary.Method.FindFirst(Object theTarget, IdentifierName theIdentifierName, Int32 theParameterCount)
   at fitlibrary.FlowFixtureBase.FindRowMethod(Parse theRow)
   at fitlibrary.FlowFixtureBase.ProcessFlowRow(Parse theCurrentRow)</div></pre></td>
<td>0.50</td>
</tr>
<tr><td class="error">Mastercard<hr /><pre><div class="fit_stacktrace">fitlibrary.exception.InvalidMethodException: Missing method 'mastercard' with 1 argument(s).
   at fitlibrary.Method.FindFirst(Object theTarget, IdentifierName theIdentifierName, Int32 theParameterCount)
   at fitlibrary.FlowFixtureBase.FindRowMethod(Parse theRow)
   at fitlibrary.FlowFixtureBase.ProcessFlowRow(Parse theCurrentRow)</div></pre></td>
<td>1.00</td>
</tr>
<tr><td class="error">Diners Club<hr /><pre><div class="fit_stacktrace">fitlibrary.exception.InvalidMethodException: Missing method 'dinersclub' with 1 argument(s).
   at fitlibrary.Method.FindFirst(Object theTarget, IdentifierName theIdentifierName, Int32 theParameterCount)
   at fitlibrary.FlowFixtureBase.FindRowMethod(Parse theRow)
   at fitlibrary.FlowFixtureBase.ProcessFlowRow(Parse theCurrentRow)</div></pre></td>
<td>0.90</td>
</tr>
</table>
<br/>Then Expect the Cards list to be as follows:<br/><br/><table border="1" cellspacing="0">
<tr><td colspan="2">Card Types</td>
</tr>
<tr><td>Name</td>
<td>Surcharge</td>
</tr>
<tr class="fail"><td>Visa <span class="fit_label">missing</span></td>
<td>0.50</td>
</tr>
<tr><td class="pass">Visa Debit</td>
<td class="pass">0.00</td>
</tr>
<tr><td class="pass">Visa Electron</td>
<td class="pass">0.00</td>
</tr>
<tr class="fail"><td>MasterCard <span class="fit_label">missing</span></td>
<td>1.00</td>
</tr>
<tr><td class="pass">Maestro</td>
<td class="pass">0.00</td>
</tr>
<tr class="fail"><td>Visa Electron <span class="fit_label">missing</span></td>
<td>0.00</td>
</tr>
<tr><td class="pass">American Express</td>
<td class="pass">0.00</td>
</tr>
<tr><td class="pass">JCB</td>
<td class="pass">0.00</td>
</tr>
<tr class="fail"><td>Diners Club <span class="fit_label">missing</span></td>
<td>0.90</td>
</tr>
<tr class="fail">
<td><span class="fit_grey">Visa</span> <span class="fit_label">surplus</span></td>
<td><span class="fit_grey">0</span></td></tr>
<tr class="fail">
<td><span class="fit_grey">MasterCard</span> <span class="fit_label">surplus</span></td>
<td><span class="fit_grey">0</span></td></tr>
<tr class="fail">
<td><span class="fit_grey">Diners Club</span> <span class="fit_label">surplus</span></td>
<td><span class="fit_grey">0</span></td></tr></table>
]]></content>
    <relativePageName>CardTypes</relativePageName>
    
    
    
  </result>
  
  
  <finalCounts>
    <right>0</right>
    <wrong>0</wrong>
    <ignores>0</ignores>
    <exceptions>0</exceptions>
  </finalCounts>
  
</testResults>

