<?xml version="1.0"?>
<testResults>
  <FitNesseVersion>v20100303</FitNesseVersion>
  <rootPath>CardTypes</rootPath>
    <result>
    <counts>
      <right>2</right>
      <wrong>0</wrong>
      <ignores>30</ignores>
      <exceptions>1</exceptions>
    </counts>
    <content><![CDATA[<table border="1" cellspacing="0">
<tr><td>Import</td>
</tr>
<tr><td>Smartpay.FitFixtures</td>
</tr>
</table>
<br/><table border="1" cellspacing="0">
<tr><td>Check Application</td>
</tr>
<tr><td>name?</td>
</tr>
<tr><td class="pass">Smartpay</td>
</tr>
</table>
<br/><br/><table border="1" cellspacing="0">
<tr><td>CardTypesFixture</td>
</tr>
<tr><td class="pass">StartSmartpay</td>
</tr>
</table>
<br/><h2>Cards and Surcharges</h2>The list of card types and their valid PAN lengths are:<br/><br/><table border="1" cellspacing="0">
<tr><td class="error" colspan="3">Supported Card Types<hr /><pre><div class="fit_stacktrace">System.ApplicationException: Type 'supportedcardtypes' could not be found in assemblies.
Name entered: 'Supported Card Types'
Assemblies searched:    file:///C:/Users/David/Documents/Testify/Smartpay/build/Debug/Smartpay.FitFixtures/eg.dll
    file:///C:/Users/David/Documents/Testify/Smartpay/build/Debug/Smartpay.FitFixtures/FitLibrary.dll
    file:///C:/Users/David/Documents/Testify/Smartpay/build/Debug/Smartpay.FitFixtures/Smartpay.Core.dll
    file:///C:/Users/David/Documents/Testify/Smartpay/build/Debug/Smartpay.FitFixtures/Smartpay.FitFixtures.dll
    file:///C:/Users/David/Documents/Testify/Smartpay/FitNesse/dotnet2/dbfit.DLL
    file:///C:/Users/David/Documents/Testify/Smartpay/FitNesse/dotnet2/eg.DLL
    file:///C:/Users/David/Documents/Testify/Smartpay/FitNesse/dotnet2/FitLibrary.DLL
    file:///C:/Users/David/Documents/Testify/Smartpay/FitNesse/dotnet2/ThoughtWorks.Selenium.Core.DLL
    file:///C:/Users/David/Documents/Testify/Smartpay/FitNesse/dotnet2/webfixture.DLL
    file:///C:/Windows/Microsoft.NET/Framework64/v2.0.50727/mscorlib.dll
    file:///C:/Users/David/Documents/Testify/Smartpay/FitNesse/dotnet2/FitServer.exe
    file:///C:/Users/David/Documents/Testify/Smartpay/FitNesse/dotnet2/fit.DLL
    file:///C:/Windows/assembly/GAC_MSIL/System/2.0.0.0__b77a5c561934e089/System.dll
    file:///C:/Windows/assembly/GAC_MSIL/System.Configuration/2.0.0.0__b03f5f7f11d50a3a/System.Configuration.dll
    file:///C:/Windows/assembly/GAC_MSIL/System.Xml/2.0.0.0__b77a5c561934e089/System.Xml.dll
    file:///C:/Windows/assembly/GAC_64/System.Web/2.0.0.0__b03f5f7f11d50a3a/System.Web.dll
    file:///C:/Windows/assembly/GAC_64/System.Data/2.0.0.0__b77a5c561934e089/System.Data.dll
    file:///C:/Windows/assembly/GAC_MSIL/System.Drawing/2.0.0.0__b03f5f7f11d50a3a/System.Drawing.dll
Load errors: Could not load file or assembly 'file:///C:\Users\David\Documents\Testify\Smartpay\FitNesse\fitnesse.jar' or one of its dependencies. The module was expected to contain an assembly manifest., Could not load file or assembly 'file:///C:\Users\David\Documents\Testify\Smartpay\FitNesse\fitlibrary.jar' or one of its dependencies. The module was expected to contain an assembly manifest.
   at fit.Assemblies.FindType(TypeName theName)
   at fit.TypeName.CreateInstance()
   at fit.Fixture.LoadFixture(String theClassName)
   at fit.Fixture.DoTables(Parse theTables)</div></pre></td>
</tr>
<tr><td>Name</td>
<td>Valid Pan Lengths</td>
<td>Valid Cvv Length</td>
</tr>
<tr><td>Visa</td>
<td>13, 16</td>
<td>3</td>
</tr>
<tr><td>Visa Debit</td>
<td>16</td>
<td>3</td>
</tr>
<tr><td>Visa Electron</td>
<td>16</td>
<td>3</td>
</tr>
<tr><td>MasterCard<a title="create page" href="SmartpayApplication.StoryTests.MasterCard?edit&nonExistent=true">[?]</a></td>
<td>16</td>
<td>3</td>
</tr>
<tr><td>Maestro</td>
<td>12, 19</td>
<td>3</td>
</tr>
<tr><td>American Express</td>
<td>15</td>
<td>4</td>
</tr>
<tr><td>JCB</td>
<td>16</td>
<td>3</td>
</tr>
<tr><td>Diners Club</td>
<td>14</td>
<td>3</td>
</tr>
</table>
<br/>By default, all card types have a zero surcharge for all clients.<br/>We can set the surcharges for certain cards for test purposes, and then query the<br/><br/>list of cards and surcharges.<br/>For Example:<br/>When we assign the following surcharges:<br/><br/><table border="1" cellspacing="0">
<tr><td colspan="2">Comment</td>
</tr>
<tr><td class="ignore" colspan="2">Setup Card Type Surcharges</td>
</tr>
<tr><td class="ignore">Name</td>
<td class="ignore">Surcharge</td>
</tr>
<tr><td class="ignore">Visa</td>
<td class="ignore">0.50</td>
</tr>
<tr><td class="ignore">Mastercard</td>
<td class="ignore">1.00</td>
</tr>
<tr><td class="ignore">Diners Club</td>
<td class="ignore">0.90</td>
</tr>
</table>
<br/>Then Expect the Cards list to be as follows:<br/><br/><table border="1" cellspacing="0">
<tr><td colspan="2">Comment</td>
</tr>
<tr><td class="ignore" colspan="2">Card Types</td>
</tr>
<tr><td class="ignore">Name</td>
<td class="ignore">Surcharge</td>
</tr>
<tr><td class="ignore">Visa</td>
<td class="ignore">0.50</td>
</tr>
<tr><td class="ignore">Visa Debit</td>
<td class="ignore">0.00</td>
</tr>
<tr><td class="ignore">Visa Electron</td>
<td class="ignore">0.00</td>
</tr>
<tr><td class="ignore">MasterCard</td>
<td class="ignore">1.00</td>
</tr>
<tr><td class="ignore">Maestro</td>
<td class="ignore">0.00</td>
</tr>
<tr><td class="ignore">Visa Electron</td>
<td class="ignore">0.00</td>
</tr>
<tr><td class="ignore">American Express</td>
<td class="ignore">0.00</td>
</tr>
<tr><td class="ignore">JCB</td>
<td class="ignore">0.00</td>
</tr>
<tr><td class="ignore">Diners Club</td>
<td class="ignore">0.90</td>
</tr>
</table>
]]></content>
    <relativePageName>CardTypes</relativePageName>
    
    
    
  </result>
  
  
  <finalCounts>
    <right>0</right>
    <wrong>0</wrong>
    <ignores>0</ignores>
    <exceptions>0</exceptions>
  </finalCounts>
  
</testResults>

