<?xml version="1.0"?>
<testResults>
  <FitNesseVersion>v20100303</FitNesseVersion>
  <rootPath>TestSystemClock</rootPath>
    <result>
    <counts>
      <right>3</right>
      <wrong>0</wrong>
      <ignores>0</ignores>
      <exceptions>0</exceptions>
    </counts>
    <content><![CDATA[<h1>Control System Clock in Testing</h1><br/><div class="collapse_rim">
	<div style="float: right;" class="meta"><a href="javascript:expandAll();">Expand All</a> | <a href="javascript:collapseAll();">Collapse All</a></div>
	<a href="javascript:toggleCollapsable('-7701041290330448968');">
		<img src="/files/images/collapsableOpen.gif" class="left" id="img-7701041290330448968"/>
	</a>
&nbsp;<span class="meta"><h3>Story</h3> </span>
	<div class="collapsable" id="-7701041290330448968"><b>As a:</b> Tester<br/><b>I want to:</b> take control of the system clock<br/><b>So that:</b> I can test time dependent features of the application</div>
</div>
<br/><h3>Tests</h3><table border="1" cellspacing="0">
<tr><td>Import</td>
</tr>
<tr><td>Smartpay.FitFixtures</td>
</tr>
</table>
<br/><h5>By default the system clock is in sync with internal <i>Date</i> class</h5><table border="1" cellspacing="0">
<tr><td colspan="3">Check Time</td>
</tr>
<tr><td>System Clock Time?</td>
<td>Date Time Now?</td>
<td>Diff?</td>
</tr>
<tr><td>&nbsp; <span class="fit_grey">20/03/2014 12:04:52</span></td>
<td>&nbsp; <span class="fit_grey">20/03/2014 12:04:52</span></td>
<td class="pass">0</td>
</tr>
</table>
<br/><h5>We can set the system clock to a given date</h5><table border="1" cellspacing="0">
<tr><td>Set System Clock</td>
<td>03/02/2001</td>
</tr>
</table>
<br/><table border="1" cellspacing="0">
<tr><td>Check Time</td>
</tr>
<tr><td>System Clock Time?</td>
</tr>
<tr><td class="pass">03/02/2001</td>
</tr>
</table>
<br/><h5>We can reset the system clock after setting to resync with <i>Date</i> class</h5><table border="1" cellspacing="0">
<tr><td>Reset System Clock</td>
</tr>
</table>
<br/><table border="1" cellspacing="0">
<tr><td colspan="3">Check Time</td>
</tr>
<tr><td>System Clock Time?</td>
<td>Date Time Now?</td>
<td>Diff?</td>
</tr>
<tr><td>&nbsp; <span class="fit_grey">20/03/2014 12:04:52</span></td>
<td>&nbsp; <span class="fit_grey">20/03/2014 12:04:52</span></td>
<td class="pass">0</td>
</tr>
</table>
<br/><br/><br/>]]></content>
    <relativePageName>TestSystemClock</relativePageName>
    
    
    
  </result>
  
  
  <finalCounts>
    <right>0</right>
    <wrong>0</wrong>
    <ignores>0</ignores>
    <exceptions>0</exceptions>
  </finalCounts>
  
</testResults>

