<?xml version="1.0"?>
<testResults>
  <FitNesseVersion>v20100303</FitNesseVersion>
  <rootPath>SuiteSetUp</rootPath>
    <result>
    <counts>
      <right>0</right>
      <wrong>0</wrong>
      <ignores>0</ignores>
      <exceptions>0</exceptions>
    </counts>
    <content><![CDATA[<table border="1" cellspacing="0">
<tr><td>Import</td>
</tr>
<tr><td>Smartpay.FitFixtures</td>
</tr>
</table>
]]></content>
    <relativePageName>SuiteSetUp</relativePageName>
    
    
    
  </result>
  
  
  <finalCounts>
    <right>0</right>
    <wrong>0</wrong>
    <ignores>0</ignores>
    <exceptions>0</exceptions>
  </finalCounts>
  
</testResults>

