<?xml version="1.0"?>
<testResults>
  <FitNesseVersion>v20100303</FitNesseVersion>
  <rootPath>TestApplicationInfo</rootPath>
    <result>
    <counts>
      <right>1</right>
      <wrong>0</wrong>
      <ignores>0</ignores>
      <exceptions>0</exceptions>
    </counts>
    <content><![CDATA[<h1>Test Application Info</h1>Simple test to check that FitNesse<a title="create page" href="SmartpayApplication.StoryTests.FitNesse?edit&nonExistent=true">[?]</a> is wired up to the System Under Test<br/><br/><table border="1" cellspacing="0">
<tr><td>Import</td>
</tr>
<tr><td>Smartpay.FitFixtures</td>
</tr>
</table>
<br/><table border="1" cellspacing="0">
<tr><td>Check Application</td>
</tr>
<tr><td>name?</td>
</tr>
<tr><td class="pass">Smartpay</td>
</tr>
</table>
<br/>]]></content>
    <relativePageName>TestApplicationInfo</relativePageName>
    
    
    
  </result>
  
  
  <finalCounts>
    <right>0</right>
    <wrong>0</wrong>
    <ignores>0</ignores>
    <exceptions>0</exceptions>
  </finalCounts>
  
</testResults>

